Store ID,IP Address
0001,10.11.151.1
0002,10.11.152.1
0003,10.11.153.1
0004,10.11.154.1
0007,10.11.72.1
0008,10.11.157.1
0009,10.10.15.1
0010,10.11.158.1
0014,10.11.161.1
0015,10.10.1.1
0016,10.10.2.1
0018,10.10.5.1
0019,10.11.162.1
0020,10.11.164.1
0028,10.11.169.1
0029,10.11.170.1
0030,10.11.171.1
0036,10.11.177.1
0038,10.10.3.1
0039,10.11.178.1
0042,10.11.180.1
0043,10.11.181.1
0044,10.11.182.1
0045,10.11.183.1
0046,10.11.184.1
0049,10.11.186.1
0052,10.11.187.1
0053,10.11.188.1
0054,10.11.189.1
0056,10.11.190.1
0060,10.11.191.1
0061,10.11.192.1
0062,10.11.193.1
0066,10.11.195.1
0067,10.11.97.1
0070,10.11.197.1
0073,10.11.31.1
0076,10.11.200.1
0081,10.11.204.1
0082,10.11.205.1
0084,10.11.206.1
0089,10.11.210.1
0090,10.11.211.1
0094,10.11.213.1
0095,10.11.214.1
0097,10.11.216.1
0099,10.11.118.1
0102,10.11.219.1
0104,10.11.221.1
0106,10.10.107.1
0109,10.11.146.1
0110,10.11.225.1
0111,10.11.226.1
0113,10.11.227.1
0114,10.11.228.1
0115,10.11.229.1
0117,10.11.231.1
0118,10.11.232.1
0120,10.11.233.1
0121,10.10.192.1
0123,10.11.235.1
0127,10.11.239.1
0129,10.11.240.1
0131,10.11.241.1
0132,10.11.242.1
0134,10.11.243.1
0137,10.10.138.1
0138,10.11.245.1
0139,10.11.246.1
0140,10.11.247.1
0141,10.11.248.1
0143,10.11.249.1
0144,10.11.250.1
0145,10.11.251.1
0147,10.12.1.1
0148,10.12.2.1
0150,10.12.3.1
0151,10.12.4.1
0152,10.12.5.1
0154,10.10.89.1
0157,10.12.8.1
0158,10.12.9.1
0159,10.12.10.1
0160,10.11.117.1
0161,10.10.217.1
0162,10.12.11.1
0164,10.12.13.1
0165,10.12.14.1
0166,10.12.15.1
0167,10.12.16.1
0169,10.12.17.1
0570,10.18.253.1
2001,10.15.1.1
2002,10.15.2.1
2003,10.15.3.1
2004,10.15.4.1
2005,10.15.5.1
2006,10.15.6.1
2007,10.15.7.1
2008,10.15.8.1
2009,10.15.9.1
2010,10.15.10.1
2012,10.15.12.1
2013,10.15.13.1
2014,10.15.14.1
2015,10.15.15.1
2016,10.15.16.1
2017,10.15.17.1
2018,10.15.18.1
2019,10.15.19.1
2021,10.15.21.1
2022,10.15.22.1
2023,10.15.23.1
2024,10.15.24.1
2025,10.15.25.1
2026,10.15.26.1
2027,10.15.27.1
2028,10.15.28.1
2032,10.15.55.1
2033,10.15.33.1
2034,10.15.56.1
2035,10.15.35.1
2038,10.15.38.1
2039,10.15.39.1
2040,10.15.40.1
2041,10.15.41.1
2042,10.15.42.1
2043,10.15.43.1
2045,10.15.45.1
2046,10.15.46.1
2047,10.15.47.1
2049,10.15.49.1
2050,10.15.50.1
2051,10.15.51.1
2052,10.15.52.1
2059,10.15.59.1
2060,10.15.60.1
2061,10.15.61.1
2062,10.15.62.1
2063,10.15.63.1
2065,10.15.65.1
2066,10.15.66.1
2067,10.15.67.1
2068,10.15.68.1
2069,10.15.69.1
2070,10.15.70.1
2071,10.15.71.1
2072,10.15.72.1
2073,10.15.73.1
2075,10.15.75.1
2076,10.15.76.1
2078,10.15.78.1
2079,10.15.79.1
2080,10.15.80.1
2081,10.15.81.1
2082,10.15.82.1
2083,10.15.83.1
2084,10.15.84.1
2085,10.15.85.1
2092,10.15.92.1
2093,10.15.93.1
2094,10.15.94.1
2095,10.15.95.1
2096,10.15.96.1
2098,10.15.98.1
2099,10.15.99.1
2100,10.15.100.1
2101,10.15.101.1
2103,10.15.103.1
2105,10.15.105.1
2106,10.15.106.0
2108,10.15.108.1
2109,10.15.109.1
2110,10.15.110.1
2111,10.15.111.1
2116,10.15.116.1
2117,10.15.117.1
2120,10.15.125.1
2121,10.15.121.1
2122,10.15.122.1
2127,10.15.127.1
2130,10.15.130.1
2131,10.15.131.1
2132,10.15.132.1
2133,10.15.133.1
2135,10.15.106.1
2136,10.15.136.1
2137,10.15.137.1
2140,10.15.140.1
2141,10.15.141.1
2142,10.15.142.1
2144,10.15.144.1
2145,10.15.145.1
2146,10.15.146.1
2149,10.15.249.1
2151,10.15.151.1
2152,10.15.152.1
2153,10.15.153.1
2154,10.15.154.1
2156,10.15.156.1
2157,10.15.157.1
2159,10.15.159.1
2160,10.15.160.1
2161,10.15.161.1
2163,10.15.163.1
2164,10.15.164.1
2165,10.15.165.1
2166,10.15.166.1
2169,10.15.169.1
2170,10.15.170.1
2171,10.15.171.1
2172,10.15.172.1
2173,10.15.173.1
2175,10.15.175.1
2176,10.15.176.1
2179,10.15.179.1
2180,10.15.180.1
2181,10.15.181.1
2182,10.15.182.1
2184,10.15.184.1
2185,10.15.185.1
2186,10.15.186.1
2187,10.15.187.1
2188,10.15.188.1
2190,10.15.190.1
2191,10.15.191.1
2192,10.15.192.1
2193,10.15.193.1
2194,10.15.194.1
2195,10.15.195.1
2196,10.15.196.1
2197,10.15.197.1
2198,10.15.198.1
2199,10.15.199.1
2201,10.15.201.1
2202,10.15.202.1
2203,10.15.203.1
2205,10.15.2.31
2207,10.15.207.1
2210,10.15.210.1
2212,10.15.212.1
2213,10.15.213.1
2215,10.15.215.1
2216,10.15.216.1
2217,10.15.217.1
2218,10.15.218.1
2219,10.15.219.1
2220,10.15.220.1
2221,10.15.221.1
2222,10.15.222.1
2223,10.15.223.1
2229,10.15.147.1
2237,10.15.237.1
2238,10.15.238.1
2248,10.15.235.1
2252,10.15.228.1
2285,10.15.253.1
2323,10.15.239.1
2324,10.15.236.1
2330,10.15.240.1
2339,10.15.124.1
2342,10.15.214.1
2351,10.15.97.1
2358,10.15.126.1
2384,10.15.241.1
2397,10.15.120.1
2421,10.15.148.1
2423,10.15.134.1
2424,10.15.139.1
2429,10.15.129.1
2444,10.15.77.1
2445,10.15.86.1
2458,10.15.227.1
2459,10.15.224.1
2472,10.15.229.1
2481,10.15.30.1
2506,10.15.225.1
2514,10.15.123.1
2515,10.15.232.1
2523,10.15.244.1
2530,10.15.162.1
2562,10.15.104.1
2568,10.15.178.1
2582,10.15.248.1
2589,10.15.209.1
2594,10.15.250.1
2595,10.15.149.1
2596,10.15.231.1
2602,10.15.251.1
2603,10.15.252.1
2611,10.15.11.1
2650,10.15.234.1
2663,10.15.233.1
2668,10.15.254.1
2673,10.15.31.1
2917,10.15.107.1
2918,10.15.32.1
2919,10.15.245.1
2921,10.11.175.1
5002,10.10.121.1
5003,10.12.28.1
5004,10.10.114.1
5005,10.11.73.1
5007,10.11.32.1
5008,10.12.29.1
5010,10.10.117.1
5011,10.12.30.1
5012,10.12.31.1
5014,10.10.116.1
5016,10.10.105.1
5017,10.12.32.1
5020,10.10.78.1
5022,10.10.112.1
5027,10.10.35.1
5031,10.12.35.1
5032,10.12.36.1
5035,10.12.38.1
5036,10.12.39.1
5039,10.10.43.1
5040,10.12.40.1
5043,10.10.88.1
5047,10.12.42.1
5051,10.10.86.1
5053,10.10.32.1
5054,10.10.37.1
5059,10.10.119.1
5060,10.12.44.1
5061,10.10.7.1
5062,10.10.67.1
5064,10.11.114.1
5067,10.10.113.1
5068,10.11.33.1
5069,10.11.34.1
5072,10.12.45.1
5073,10.11.74.1
5074,10.10.47.1
5076,10.10.69.1
5078,10.10.158.1
5081,10.12.48.1
5082,10.12.49.1
5084,10.12.50.1
5085,10.10.28.1
5086,10.12.51.1
5088,10.12.52.1
5089,10.11.111.1
5090,10.11.99.1
5091,10.10.194.1
5095,10.12.53.1
5096,10.12.54.1
5097,10.10.71.1
5099,10.10.115.1
5100,10.10.122.1
5101,10.12.55.1
5102,10.10.126.1
5103,10.10.40.1
5106,10.10.186.1
5107,10.12.56.1
5109,10.12.57.1
5110,10.12.58.1
5111,10.12.59.1
5115,10.11.147.1
5116,10.12.61.1
5117,10.11.75.1
5119,10.10.29.1
5122,10.12.63.1
5123,10.10.128.1
5125,10.12.64.1
5126,10.11.60.1
5127,10.10.206.1
5128,10.12.65.1
5131,10.12.67.1
5133,10.10.180.1
5135,10.12.68.1
5136,10.10.213.1
5137,10.12.69.1
5138,10.12.70.1
5139,10.10.66.1
5140,10.12.71.1
5145,10.12.73.1
5146,10.12.74.1
5148,10.12.76.1
5149,10.12.77.1
5152,10.10.24.1
5154,10.10.220.1
5156,10.10.23.1
5157,10.11.116.1
5158,10.11.115.1
5159,10.12.78.1
5160,10.12.79.1
5163,10.12.81.1
5164,10.10.19.1
5167,10.10.198.1
5168,10.10.193.1
5170,10.12.83.1
5172,10.10.167.1
5173,10.12.85.1
5174,10.10.80.1
5175,10.12.86.1
5177,10.12.87.1
5178,10.10.14.1
5181,10.10.195.1
5182,10.12.88.1
5183,10.12.89.1
5184,10.11.27.1
5187,10.12.90.1
5189,10.10.184.1
5191,10.10.227.1
5195,10.12.91.1
5197,10.12.92.1
5201,10.10.223.1
5204,10.12.95.1
5205,10.12.96.1
5209,10.11.67.1
5211,10.12.98.1
5213,10.12.99.1
5214,10.10.39.1
5217,10.11.35.1
5222,10.12.101.1
5224,10.12.102.1
5225,10.12.103.1
5232,10.12.104.1
5234,10.12.106.1
5236,10.12.107.1
5238,10.12.108.1
5239,10.11.36.1
5242,10.10.108.1
5249,10.12.111.1
5250,10.12.112.1
5252,10.10.34.1
5259,10.11.134.1
5262,10.12.114.1
5267,10.12.115.1
5268,10.12.116.1
5272,10.11.70.1
5273,10.12.117.1
5277,10.12.118.1
5279,10.12.120.1
5282,10.12.122.1
5283,10.11.113.1
5285,10.10.204.1
5286,10.12.123.1
5289,10.10.68.1
5295,10.10.21.1
5297,10.10.109.1
5301,10.12.126.1
5306,10.12.127.1
5311,10.11.57.1
5312,10.12.128.1
5319,10.12.129.1
5328,10.10.249.1
5331,10.12.131.1
5340,10.11.143.1
5345,10.12.132.1
5347,10.12.133.1
5358,10.10.228.1
5366,10.12.134.1
5368,10.12.135.1
5372,10.10.22.1
5373,10.10.210.1
5379,10.12.136.1
5382,10.12.138.1
5383,10.10.38.1
5388,10.10.36.1
5396,10.10.125.1
5400,10.12.140.1
5414,10.10.70.1
5423,10.10.208.1
5424,10.11.37.1
5428,10.10.111.1
5429,10.10.182.1
5431,10.12.141.1
5437,10.10.187.1
5438,10.12.143.1
5445,10.10.226.1
5448,10.10.110.1
5456,10.12.146.1
5463,10.12.148.1
5466,10.12.149.1
5467,10.11.76.1
5468,10.10.85.1
5472,10.12.150.1
5477,10.12.152.1
5480,10.12.154.1
5481,10.10.87.1
5482,10.10.72.1
5493,10.12.158.1
5495,10.12.159.1
5501,10.12.160.1
5506,10.10.196.1
5511,10.12.161.1
5512,10.12.162.1
5514,10.12.164.1
5515,10.12.165.1
5516,10.12.166.1
5517,10.12.167.1
5518,10.12.168.1
5519,10.12.169.1
5521,10.12.171.1
5522,10.12.172.1
5523,10.12.173.1
5525,10.12.175.1
5526,10.12.176.1
5527,10.10.218.1
5529,10.11.120.1
5530,10.10.132.1
5532,10.10.129.1
5536,10.11.144.1
5537,10.12.177.1
5539,10.10.91.1
5542,10.10.9.1
5544,10.10.84.1
5546,10.12.178.1
5547,10.12.179.1
5549,10.12.181.1
5551,10.11.148.1
5552,10.12.184.1
5556,10.10.90.1
5557,10.12.185.1
5558,10.12.186.1
5560,10.12.188.1
5561,10.12.189.1
5562,10.10.225.1
5564,10.10.173.1
5567,10.11.149.1
5568,10.12.192.1
5573,10.12.197.1
5575,10.12.198.1
5577,10.12.200.1
5579,10.12.201.1
5580,10.12.202.1
5581,10.10.135.1
5582,10.10.8.1
5583,10.12.203.1
5585,10.12.204.1
5587,10.10.30.1
5589,10.12.206.1
5590,10.12.207.1
5591,10.12.208.1
5592,10.12.209.1
5593,10.10.203.1
5594,10.10.81.1
5595,10.12.210.1
5597,10.10.156.1
5598,10.11.150.1
5599,10.12.212.1
5600,10.12.213.1
5603,10.10.26.1
5604,10.12.215.1
5605,10.12.216.1
5607,10.12.218.1
5608,10.10.33.1
5610,10.10.48.1
5611,10.10.50.1
5617,10.12.221.1
5619,10.12.223.1
5620,10.12.224.1
5621,10.10.215.1
5622,10.12.225.1
5624,10.10.199.1
5628,10.12.229.1
5629,10.12.230.1
5632,10.12.231.1
5633,10.12.232.1
5634,10.10.120.1
5635,10.10.12.1
5637,10.12.233.1
5639,10.11.121.1
5641,10.12.236.1
5644,10.10.200.1
5646,10.12.238.1
5647,10.12.239.1
5650,10.12.240.1
5652,10.12.241.1
5656,10.12.243.1
5659,10.11.145.1
5661,10.12.244.1
5665,10.12.247.1
5675,10.10.197.1
5676,10.10.212.1
5677,10.12.250.1
5682,10.12.252.1
5683,10.12.253.1
5684,10.10.51.1
5685,10.12.254.1
5689,10.13.3.1
5692,10.13.5.1
5695,10.13.7.1
5696,10.10.170.1
5701,10.11.2.1
5702,10.11.3.1
5706,10.11.4.1
5708,10.11.6.1
5709,10.11.7.1
5710,10.11.8.1
5712,10.11.9.1
5713,10.11.10.1
5716,10.11.1.1
5717,10.11.12.1
5718,10.11.13.1
5720,10.11.14.1
5721,10.11.15.1
5722,10.11.16.1
5723,10.11.17.1
5724,10.11.18.1
5725,10.11.19.1
5726,10.11.20.1
5727,10.11.21.1
5728,10.11.22.1
5729,10.11.90.1
5730,10.11.24.1
5732,10.11.25.1
5733,10.11.107.1
5734,10.11.91.1
5735,10.11.92.1
5736,10.11.93.1
5737,10.11.94.1
5738,10.11.101.1
5740,10.13.147.1
5741,10.11.77.1
5744,10.11.139.1
5745,10.11.104.1
5747,10.11.80.1
5750,10.11.96.1
5754,10.11.141.1
5755,10.11.26.1
5756,10.11.142.1
5757,10.13.145.1
5758,10.13.161.1
5759,10.11.133.1
5760,10.13.146.1
5762,10.13.179.1
5763,10.13.175.1
5765,10.13.177.1
5766,10.13.172.1
5767,10.11.223.1
5768,10.13.192.1
5769,10.13.29.1
5770,10.12.220.1
5772,10.13.191.1
5775,10.13.201.1
5782,10.13.204.1
5783,10.14.16.1
5785,10.14.54.1
5787,10.14.12.1
5788,10.11.47.1
5789,10.14.17.1
5791,10.11.84.1
5793,10.11.128.1
5794,10.14.15.1
5797,10.14.58.1
5798,10.14.106.1
5800,10.13.9.1
5801,10.13.10.1
5805,10.10.163.1
5807,10.13.12.1
5809,10.13.14.1
5813,10.13.17.1
5814,10.10.157.1
5815,10.13.18.1
5816,10.10.209.1
5821,10.13.20.1
5822,10.13.21.1
5823,10.13.22.1
5826,10.13.23.1
5827,10.10.219.1
5829,10.11.40.1
5830,10.13.24.1
5831,10.10.118.1
5832,10.13.25.1
5834,10.10.229.1
5835,10.13.26.1
5837,10.10.136.1
5838,10.13.28.1
5845,10.13.30.1
5847,10.10.56.1
5848,10.11.132.1
5855,10.13.33.1
5858,10.11.28.1
5860,10.11.64.1
5865,10.13.34.1
5867,10.13.36.1
5877,10.13.39.1
5878,10.13.40.1
5879,10.13.41.1
5881,10.13.42.1
5882,10.11.41.1
5883,10.13.43.1
5886,10.13.46.1
5888,10.13.47.1
5893,10.10.59.1
5904,10.10.188.1
5908,10.13.54.1
5910,10.11.42.1
5912,10.13.55.1
5915,10.11.124.1
5916,10.13.56.1
5918,10.11.43.1
5920,10.13.57.1
5921,10.13.58.1
5923,10.11.44.1
5926,10.10.216.1
5930,10.13.61.1
5935,10.13.65.1
5937,10.13.66.1
5938,10.13.67.1
5939,10.10.96.1
5940,10.10.201.1
5942,10.10.60.1
5943,10.10.189.1
5944,10.13.68.1
5947,10.13.70.1
5949,10.13.71.1
5954,10.13.72.1
5955,10.13.73.1
5957,10.11.46.1
5960,10.13.75.1
5963,10.13.76.1
5967,10.10.222.1
5970,10.10.62.1
5973,10.13.80.1
5976,10.10.254.1
5981,10.13.138.1
5984,10.10.97.1
5990,10.13.84.1
5993,10.13.86.1
5996,10.13.163.1
6003,10.10.251.1
6006,10.13.91.1
6010,10.13.92.1
6014,10.13.93.1
6026,10.11.68.1
6033,10.11.130.1
6034,10.13.98.1
6035,10.13.99.1
6036,10.11.49.1
6046,10.11.50.1
6049,10.11.112.1
6058,10.13.106.1
6061,10.11.69.1
6064,10.13.109.1
6067,10.11.51.1
6069,10.10.146.1
6070,10.11.52.1
6071,10.10.181.1
6073,10.13.113.1
6075,10.13.139.1
6076,10.13.115.1
6080,10.11.53.1
6081,10.11.54.1
6082,10.13.116.1
6084,10.13.140.1
6086,10.13.117.1
6091,10.13.119.1
6103,10.13.120.1
6105,10.13.121.1
6110,10.11.83.1
6115,10.11.71.1
6116,10.13.124.1
6118,10.13.125.1
6121,10.13.154.1
6123,10.13.127.1
6126,10.11.65.1
6129,10.13.131.1
6133,10.13.133.1
6134,10.13.134.1
6137,10.11.136.1
6138,10.14.52.1
6141,10.13.135.1
6152,10.13.137.1
6153,10.11.108.1
6157,10.11.82.1
6158,10.13.162.1
6162,10.13.143.1
6167,10.13.158.1
6169,10.13.144.1
6170,10.13.151.1
6171,10.13.152.1
6174,10.13.156.1
6178,10.13.153.1
6186,10.13.160.1
6189,10.13.155.1
6191,10.13.166.1
6192,10.13.168.1
6193,10.13.184.1
6198,10.10.11.1
6300,10.10.248.1
6302,10.13.176.1
6304,10.13.187.1
6305,10.13.148.1
6306,10.13.188.1
6307,10.10.17.1
6310,10.13.196.1
6311,10.13.194.1
6313,10.13.190.1
6314,10.13.189.1
6315,10.13.193.1
6316,10.13.202.1
6317,10.13.195.1
6321,10.10.63.1
6322,10.13.206.1
6323,10.13.203.1
6324,10.13.185.1
6325,10.13.64.1
6326,10.13.132.1
6327,10.14.18.1
6332,10.13.126.1
6334,10.12.142.1
6336,10.13.44.1
6340,10.14.51.1
6344,10.14.32.1
6348,10.14.249.1
6350,10.14.100.1
6351,10.14.74.1
6353,10.14.242.1
6354,10.14.83.1
6355,10.13.114.1
6356,10.14.107.1
6357,10.14.109.1
6361,10.14.101.1
6363,10.13.198.1
6368,10.14.90.1
6369,10.14.110.1
6371,10.14.141.1
6372,10.14.157.1
6373,10.14.21.1
6375,10.14.161.1
6376,10.14.155.1
6378,10.14.99.1
6379,10.14.153.1
6381,10.14.187.1
6382,10.14.219.1
6384,10.14.224.1
6386,10.14.169.1
6391,10.11.198.1
6392,10.13.77.1
6394,10.14.223.1
6396,10.14.226.1
6397,10.14.229.1
6398,10.14.227.1
6399,10.12.147.1
6401,10.12.155.1
6402,10.14.246.1
6403,10.13.60.1
6404,10.14.218.1
6405,10.11.86.1
6407,10.14.115.1
6411,10.11.218.1
6412,10.13.178.1
6413,10.13.213.1
6415,10.10.79.1
6420,10.14.149.1
6421,10.11.88.1
6422,10.14.116.1
6423,10.18.63.1
6430,10.18.56.1
6433,10.18.69.1
6434,10.14.168.1
6435,10.14.50.1
6436,10.14.202.1
6438,10.18.67.1
6439,10.18.55.1
6442,10.18.123.1
6443,10.18.23.1
6444,10.18.78.1
6445,10.18.103.1
6447,10.18.101.1
6450,10.18.68.1
6451,10.18.75.1
6456,10.18.74.1
6457,10.18.66.1
6458,10.18.81.1
6459,10.18.97.1
6461,10.18.96.1
6462,10.18.84.1
6464,10.18.102.1
6466,10.18.116.1
6467,10.10.18.1
6468,10.10.160.1
6469,10.13.52.1
6470,10.11.23.1
6471,10.18.120.1
6472,10.18.132.1
6474,10.18.141.1
6475,10.18.131.1
6476,10.18.125.1
6485,10.18.145.1
6486,10.18.137.1
6491,10.18.133.1
6492,10.18.146.1
6493,10.18.143.1
6503,10.10.149.1
6505,10.10.147.1
6508,10.10.145.1
6509,10.10.233.1
6511,10.10.162.1
6512,10.10.234.1
6518,10.10.235.1
6519,10.10.164.1
6523,10.10.161.1
6525,10.10.236.1
6530,10.10.238.1
6531,10.10.104.1
6532,10.10.101.1
6533,10.10.153.1
6535,10.10.154.1
6536,10.10.143.1
6541,10.10.178.1
6547,10.10.98.1
6549,10.10.175.1
6551,10.10.176.1
6601,10.18.149.1
6602,10.18.150.1
6604,10.12.145.1
6605,10.13.212.1
6607,10.11.167.1
6608,10.10.139.1
6609,10.14.84.1
6610,10.14.85.1
6611,10.14.208.1
6612,10.14.125.1
6613,10.14.96.1
6614,10.14.215.1
6615,10.14.209.1
6617,10.14.124.1
6618,10.12.227.1
6619,10.11.165.1
6620,10.14.156.1
6621,10.11.156.1
6622,10.14.210.1
6623,10.14.212.1
6624,10.14.88.1
6625,10.14.94.1
6627,10.14.97.1
6628,10.18.148.1
6629,10.11.129.1
6630,10.14.123.1
6631,10.14.60.1
6632,10.11.159.1
6633,10.14.4.1
6634,10.14.95.1
6635,10.14.98.1
6638,10.12.121.1
6640,10.11.98.1
6641,10.11.135.1
6642,10.11.252.1
6644,10.11.160.1
6645,10.11.173.1
6647,10.11.174.1
6648,10.18.206.1
6650,10.11.166.1
6651,10.18.4.1
6652,10.11.194.1
6653,10.18.8.1
6654,10.18.9.1
6655,10.11.185.1
6657,10.18.7.1
6659,10.10.83.1
6670,10.18.17.1
6671,10.18.28.1
6673,10.11.208.1
6674,10.11.207.1
6675,10.11.59.1
6677,10.11.199.1
6678,10.10.74.1
6679,10.11.203.1
6680,10.11.234.1
6681,10.11.236.1
6682,10.11.237.1
6683,10.11.238.1
6684,10.12.222.1
6685,10.11.215.1
6687,10.12.37.1
6691,10.12.251.1
6692,10.12.66.1
6693,10.12.34.1
6694,10.10.172.1
6695,10.13.4.1
6701,10.12.93.1
6703,10.12.170.1
6704,10.11.62.1
6705,10.10.131.1
6707,10.12.157.1
6708,10.12.180.1
6709,10.12.163.1
6711,10.13.62.1
6712,10.13.74.1
6713,10.10.124.1
6714,10.10.244.1
6715,10.11.126.1
6717,10.13.110.1
6718,10.11.45.1
6719,10.13.95.1
6720,10.13.63.1
6722,10.10.76.1
6723,10.13.69.1
6724,10.13.90.1
6725,10.13.51.1
6726,10.10.221.1
6727,10.13.100.1
6728,10.13.101.1
6729,10.13.102.1
6730,10.12.139.1
6732,10.14.140.1
6733,10.10.239.1
6734,10.14.248.1
6735,10.10.242.1
6736,10.10.174.1
6740,10.14.192.1
6741,10.10.148.1
6742,10.14.102.1
6743,10.14.228.1
6745,10.13.104.1
6746,10.11.100.1
6747,10.14.244.1
6748,10.13.170.1
6749,10.10.240.1
6750,10.10.144.1
6751,10.10.179.1
6752,10.10.183.1
6757,10.13.8.1
6761,10.12.124.1
6777,10.13.107.1
6800,10.10.58.1
7702,10.14.89.1
7703,10.14.120.1
7706,10.14.103.1
7708,10.14.122.1
7710,10.14.158.1
7711,10.14.163.1
7712,10.14.164.1
7714,10.14.162.1
7717,10.14.170.1
7718,10.14.166.1
7720,10.12.25.1
7721,10.14.254.1
7722,10.10.231.1
7723,10.18.47.1
7724,10.13.85.1
7726,10.12.21.1
7727,10.11.138.1
7728,10.13.150.1
7729,10.10.82.1
7731,10.18.53.1
7732,10.13.2.1
7733,10.10.41.1
7734,10.10.165.1
7736,10.13.103.1
7739,10.13.122.1
7742,10.14.118.1
7743,10.10.100.1
7744,10.18.50.1
7745,10.18.58.1
7747,10.18.48.1
7750,10.18.1.1
7751,10.18.2.1
7752,10.18.3.1
7754,10.18.5.1
7755,10.18.6.1
7759,10.18.10.1
7760,10.18.11.1
7761,10.18.12.1
7762,10.18.13.1
7763,10.18.14.1
7764,10.18.15.1
7765,10.18.16.1
7767,10.18.18.1
7768,10.18.19.1
7769,10.18.20.1
7770,10.18.21.1
7771,10.18.22.1
7774,10.18.25.1
7775,10.18.26.1
7776,10.18.27.1
7779,10.18.30.1
7780,10.18.31.1
7782,10.18.33.1
7783,10.18.34.1
7784,10.18.35.1
7785,10.18.36.1
7786,10.18.37.1
7788,10.18.76.1
7789,10.18.83.1
7792,10.10.31.1
7793,10.18.117.1
7794,10.11.105.1
7795,10.18.127.1
7796,10.18.122.1
7797,10.18.118.1
7800,10.18.128.1
7801,10.18.147.1
7802,10.18.144.1
7803,10.18.139.1
7805,10.11.209.1
8001,10.13.217.1
8003,10.13.218.1
8004,10.13.219.1
8006,10.13.220.1
8007,10.13.221.1
8009,10.13.222.1
8010,10.13.223.1
8012,10.13.224.1
8014,10.13.225.1
8015,10.13.226.1
8016,10.13.227.1
8018,10.13.229.1
8021,10.13.232.1
8022,10.13.233.1
8025,10.13.235.1
8026,10.13.236.1
8027,10.13.237.1
8028,10.13.238.1
8029,10.13.239.1
8032,10.13.240.1
8033,10.13.241.1
8035,10.13.243.1
8036,10.13.244.1
8037,10.13.245.1
8038,10.13.246.1
8039,10.13.247.1
8040,10.13.248.1
8043,10.13.251.1
8044,10.13.252.1
8045,10.13.253.1
8047,10.13.216.1
8048,10.14.13.1
8049,10.13.149.1
8055,10.14.31.1
8056,10.10.10.1
8059,10.13.209.1
8060,10.13.59.1
8061,10.13.94.1
8064,10.14.30.1
8068,10.18.59.1
8069,10.14.61.1
8070,10.14.91.1
8072,10.14.75.1
8077,10.14.66.1
8078,10.14.67.1
8079,10.14.68.1
8080,10.14.69.1
8082,10.14.71.1
8087,10.10.214.1
8088,10.11.85.1
8089,10.14.243.1
8091,10.14.143.1
8095,10.14.159.1
8096,10.11.254.1
8097,10.14.216.1
8098,10.14.167.1
8101,10.14.137.1
8102,10.14.126.1
8103,10.14.127.1
8104,10.14.128.1
8105,10.14.129.1
8106,10.14.130.1
8107,10.14.131.1
8108,10.14.132.1
8109,10.14.133.1
8110,10.14.221.1
8111,10.14.245.1
8112,10.14.225.1
8114,10.14.171.1
8115,10.14.172.1
8117,10.14.174.1
8118,10.14.175.1
8122,10.14.179.1
8129,10.10.52.1
8136,10.11.95.1
8137,10.14.241.1
8139,10.13.208.1
8142,10.11.217.1
8143,10.10.252.1
8146,10.10.250.1
8148,10.14.231.1
8149,10.14.232.1
8151,10.14.234.1
8152,10.14.235.1
8153,10.14.236.1
8154,10.14.240.1
8161,10.10.151.1
8162,10.14.65.1
8163,10.13.197.1
8165,10.12.18.1
8173,10.10.25.1
8178,10.18.80.1
8179,10.12.0.1
8180,10.14.145.1
8184,10.11.87.1
8195,10.18.79.1
8198,10.18.140.1
8199,10.10.230.1
8202,10.11.212.1
8203,10.12.7.1
8206,10.12.194.1
8208,10.11.127.1
8209,10.10.253.1
8211,10.13.123.1
8212,10.13.142.1
8216,10.10.95.1
8217,10.12.214.1
8218,10.11.11.1
8300,10.18.153.1
8301,10.18.154.1
8302,10.18.155.1
8303,10.18.156.1
8304,10.18.157.1
8305,10.18.158.1
8306,10.18.159.1
8307,10.18.160.1
8308,10.18.161.1
8309,10.18.162.1
8310,10.18.163.1
8312,10.18.164.1
8313,10.18.165.1
8314,10.18.166.1
8315,10.18.167.1
8316,10.18.168.1
8317,10.18.169.1
8318,10.18.170.1
8319,10.18.171.1
8320,10.18.172.1
8321,10.18.173.1
8322,10.18.174.1
8323,10.18.175.1
8324,10.18.176.1
8325,10.18.177.1
8326,10.18.178.1
8328,10.18.179.1
8329,10.18.180.1
8330,10.18.181.1
8331,10.18.182.1
8332,10.18.183.1
8333,10.18.184.1
8334,10.18.185.1
8335,10.18.186.1
8336,10.18.187.1
8337,10.18.188.1
8340,10.18.190.1
8341,10.18.191.1
8342,10.18.192.1
8343,10.18.193.1
8344,10.18.194.1
8345,10.18.195.1
8346,10.18.196.1
8347,10.18.197.1
8348,10.18.198.1
8349,10.18.199.1
8350,10.18.200.1
8351,10.18.201.1
8352,10.18.202.1
8353,10.18.203.1
8354,10.18.204.1
8355,10.18.205.1
8356,10.18.207.1
8357,10.18.208.1
8359,10.18.209.1
8360,10.18.210.1
8361,10.18.211.1
8363,10.18.213.1
8364,10.18.214.1
8366,10.18.216.1
8367,10.18.217.1
8368,10.18.218.1
8369,10.18.219.1
8370,10.18.220.1
8371,10.18.221.1
8372,10.18.222.1
8373,10.18.223.1
8374,10.18.224.1
8375,10.18.225.1
8500,10.18.227.1
8501,10.18.228.1
8502,10.18.229.1
8503,10.18.230.1
8504,10.18.231.1
8505,10.18.232.1
8506,10.18.233.1
8507,10.18.234.1
8508,10.18.235.1
8509,10.18.236.1
8510,10.18.237.1
8511,10.18.238.1
8512,10.18.239.1
8513,10.18.240.1
8514,10.18.241.1
8515,10.18.242.1
8516,10.18.243.1
8517,10.18.244.1
8518,10.18.245.1
8519,10.18.246.1
8520,10.18.247.1
8521,10.18.248.1
8522,10.18.249.1
8523,10.18.250.1
8524,10.18.251.1
8525,10.18.252.1
8526,10.13.50.1
8527,10.14.29.1
8528,10.10.64.1
8529,10.13.174.1
8530,10.13.53.1
8531,10.13.128.1
8532,10.14.112.1
8533,10.14.78.1
8534,10.12.211.1
8535,10.11.179.1
8536,10.11.155.1
9001,10.14.8.1
9004,10.14.6.1
9023,10.12.33.1
9028,10.13.45.1
9034,10.10.103.1
9040,10.12.26.1
9041,10.12.195.1
9042,10.14.144.1
9052,10.12.84.1
9060,10.12.94.1
9061,10.11.58.1
9062,10.10.205.1
9066,10.10.166.1
9068,10.13.186.1
9069,10.11.176.1
9074,10.11.222.1
9075,10.11.224.1
9076,10.12.182.1
9077,10.12.187.1
9079,10.13.78.1
9082,10.10.42.1
9094,10.14.142.1
9135,10.14.42.1
9138,10.14.46.1
9139,10.14.47.1
9140,10.14.48.1
9141,10.14.49.1
9142,10.11.220.1
9148,10.13.83.1
9151,10.14.250.1
9152,10.14.252.1
9180,10.14.114.1
9222,10.12.27.1
9224,10.11.230.1
9231,10.12.144.1
9237,10.10.134.1
9240,10.13.87.1
9242,10.14.7.1
9244,10.13.231.1
9245,10.10.130.1
9249,10.14.119.1
9275,10.18.82.1
9282,10.12.125.1
9283,10.11.38.1
9284,10.10.13.1
9285,10.12.249.1
9286,10.10.207.1
9287,10.13.82.1
9288,10.10.61.1
9289,10.10.202.1
9292,10.11.48.1
9293,10.11.125.1
9294,10.13.79.1
9295,10.14.182.1
9300,10.13.199.1
9301,10.12.24.1
9302,10.14.62.1
9303,10.14.220.1
9320,10.11.30.1
9326,10.11.61.1
9328,10.10.6.1
9331,10.11.109.1
9333,10.12.153.1
9334,10.10.185.1
9337,10.13.13.1
9338,10.10.54.1
9339,10.13.136.1
9340,10.13.141.1
9342,10.13.214.1
9343,10.14.233.1
9345,10.10.245.1
9361,10.13.31.1
9403,10.12.72.1
9405,10.12.105.1
9406,10.11.29.1
9441,10.12.174.1
9442,10.10.190.1
9444,10.12.234.1
9445,10.12.237.1
9446,10.10.224.1
